B62qrx9d59WXHARNxQjMy4Eb1i9SRpwuH8gcuxM6dkHnAgTXcN6dDzf,12D3KooWAmMKPQKfF8bbUN7gjNSHvbrQ8NY5JhJ1qWCnMBzvJdh5
B62qrhKjqf3jMWbtoM4VHqUAY5M3gE2v6Wm4L2dpw36GxtxPBzJPsyV,12D3KooWRuvBs2QNyE1TD1vfVqAXKbU3qwUvSJTDRWesgpvT4sxw
B62qo5uVVat4XfqWUk9EKE18ZHUpxiDn7zoksrZxrZSXYQxFAroSTzu,12D3KooWDe8Sq3CEp7HXJ9aAPghuvKT32PWBWpeSiQwXModSZ2A5
B62qiqkuPiZyNNJ2vcxx9m85dhGYzoSUCtnwL9YnqvSiK2TJMuXjvP5,12D3KooWFG3XauGMv6xtAodKraS9FWGMPRMrTvjKeuHU21axerYW
B62qksawzNzjzn9CfqwqgsuJgf23aDUu5d6i8mYLTDEE4cXEjALEYxK,12D3KooWJjna99EYehJgpYGUffTtgSMjiSeZ5UHXfuBdh9yGSnjN
B62qr6pi7s78Kk9WNvPWPdSUSY6TTs84DzAzKKkLwsKkgbfudmN7Wd3,12D3KooWCEcj6994dvi8nHofHgvHdK6PRi9USqE8dNSVCfaXLQdC
B62qpqhAdPrtMos2bmghGaKF9xjcdXiXFnxj51rqgFynv1bKbJuD8U7,12D3KooWRBzi4zpPjssakh2uXADRMMk7X8vBtpCEsPuZW6spwgib
B62qqywGkLD9TGMh9bxG9yJHpoZVbg1jSbY6gdzYejAZwSv42MAMrj5,12D3KooWBg12daDfEZoASq7jAQAQn4E1d5RNhhD9MQN1AocpQR6x
B62qrAxCoBbtwDVn3SBkhwLeQqKK31xdnGuNkxPCZURnU2f3n3njqWJ,12D3KooWLHyNwbiyKiTHTJTL28jYVzQ24zUKNSiiLYVZpufX4ubs
B62qk3T3xFms7iG5Qh5jE2xdESvCzVnfbxSMPKzhoj5eUiUdsa6k2eS,12D3KooWCtt2WMYnJsty27Bn17Q9vqHFFCKYWYew5WXhmf35X49i
B62qkEqfYYa1o6uw7chgF4VcoqJJXjMriybGuARHR3vr2Ny3Nvz3UTM,12D3KooWMsepsE9zXaCcFTeyQsH1TYRJg4J5hVBKripXKRfU6vWm
B62qioo2qyrK4VEoubjba6mTM5GKTEcBAuqjetb4ACs9gH9VgJMDfYS,12D3KooWDTxtEJ5PmcA4kTeBtDFyVhSaizdUKzx4NKFjhctUrKPV
B62qjZaNVRxHTF763F15NQxnx9wqBcu5AHpaV2BvzUgEvi7zMRdP8fv,12D3KooWPMvmxXtKydU9T52sXPFTpj1d9Pq2qvs6j3qisqsetJ7K
B62qnQHMbVt4ZqNinuigazUEGwYdQeuiAvBPu3NcuwPd6PZ3PdzkEfa,12D3KooWRxzEAisB3sXuDbsn3ZhBgxMHohFsTjk1wsBxk5J96JhB
B62qnPaJTWs2ZcJwn5g53w7NvT3kEuK87z7pzuNyPyGShHkRmKBw1w9,12D3KooWHecvaEeAimF5gJ6FKBEcB2VcyLk3L7ynh7PgFX2VkPAJ
B62qoj5CqvomLKMbocS8PupSkB69gHCEE8HN27ToqZQuNSAHao9GUZa,12D3KooWEQQxABEeYyX7DGLjDuEWTtNvEmN9UAPWWKTzxfMaFZQJ
